"Create","Depth0","Depth1","Depth2","Depth3","Depth4","Depth5","Depth6","Depth7","Depth8","Depth9","FullPath","Depth","OUName","ParentPath","Description","ProtectedFromAccidentalDeletion","Notes"
"TRUE","ad.example.com","Administration and Security","","","","","","","","","Administration and Security","1","Administration and Security","","","TRUE","Added explicit parent row for script-safe creation order"
"TRUE","ad.example.com","Administration and Security","Administration Accounts","","","","","","","","Administration and Security/Administration Accounts","2","Administration Accounts","Administration and Security","","TRUE","Added explicit parent row for script-safe creation order"
"TRUE","ad.example.com","Administration and Security","Administration Accounts","ExampleCorp Administration Accounts","","","","","","","Administration and Security/Administration Accounts/ExampleCorp Administration Accounts","3","ExampleCorp Administration Accounts","Administration and Security/Administration Accounts","","TRUE",""
"TRUE","ad.example.com","Administration and Security","Domain Resource Security Groups","","","","","","","","Administration and Security/Domain Resource Security Groups","2","Domain Resource Security Groups","Administration and Security","","TRUE",""
"TRUE","ad.example.com","Administration and Security","Functional Security Groups","","","","","","","","Administration and Security/Functional Security Groups","2","Functional Security Groups","Administration and Security","","TRUE",""
"TRUE","ad.example.com","Administration and Security","Resource Security Groups","","","","","","","","Administration and Security/Resource Security Groups","2","Resource Security Groups","Administration and Security","","TRUE",""
"TRUE","ad.example.com","External People and Groups","","","","","","","","","External People and Groups","1","External People and Groups","","","TRUE",""
"TRUE","ad.example.com","ExampleCorp People and Groups","","","","","","","","","ExampleCorp People and Groups","1","ExampleCorp People and Groups","","","TRUE",""
"TRUE","ad.example.com","ExampleCorp People and Groups","Global Disabled Users","","","","","","","","ExampleCorp People and Groups/Global Disabled Users","2","Global Disabled Users","ExampleCorp People and Groups","","TRUE",""
"TRUE","ad.example.com","ExampleCorp People and Groups","Global Remote Users","","","","","","","","ExampleCorp People and Groups/Global Remote Users","2","Global Remote Users","ExampleCorp People and Groups","","TRUE",""
"TRUE","ad.example.com","ExampleCorp People and Groups","Global Remote Users","People","","","","","","","ExampleCorp People and Groups/Global Remote Users/People","3","People","ExampleCorp People and Groups/Global Remote Users","","TRUE",""
"TRUE","ad.example.com","ExampleCorp People and Groups","Global Remote Users","Workstations","","","","","","","ExampleCorp People and Groups/Global Remote Users/Workstations","3","Workstations","ExampleCorp People and Groups/Global Remote Users","","TRUE",""
"TRUE","ad.example.com","ExampleCorp People and Groups","Global Security Groups","","","","","","","","ExampleCorp People and Groups/Global Security Groups","2","Global Security Groups","ExampleCorp People and Groups","","TRUE",""
"TRUE","ad.example.com","ExampleCorp People and Groups","Global Security Groups","Role Centric Groups","","","","","","","ExampleCorp People and Groups/Global Security Groups/Role Centric Groups","3","Role Centric Groups","ExampleCorp People and Groups/Global Security Groups","","TRUE",""
"TRUE","ad.example.com","ExampleCorp People and Groups","Global Security Groups","Function Centric Groups","","","","","","","ExampleCorp People and Groups/Global Security Groups/Function Centric Groups","3","Function Centric Groups","ExampleCorp People and Groups/Global Security Groups","","TRUE",""
"TRUE","ad.example.com","ExampleCorp People and Groups","APAC","","","","","","","","ExampleCorp People and Groups/APAC","2","APAC","ExampleCorp People and Groups","","TRUE",""
"TRUE","ad.example.com","ExampleCorp People and Groups","APAC","AUS","","","","","","","ExampleCorp People and Groups/APAC/AUS","3","AUS","ExampleCorp People and Groups/APAC","","TRUE",""
"TRUE","ad.example.com","ExampleCorp People and Groups","APAC","AUS","People","","","","","","ExampleCorp People and Groups/APAC/AUS/People","4","People","ExampleCorp People and Groups/APAC/AUS","","TRUE",""
"TRUE","ad.example.com","ExampleCorp People and Groups","APAC","AUS","Groups","","","","","","ExampleCorp People and Groups/APAC/AUS/Groups","4","Groups","ExampleCorp People and Groups/APAC/AUS","","TRUE",""
"TRUE","ad.example.com","ExampleCorp People and Groups","APAC","CHN","","","","","","","ExampleCorp People and Groups/APAC/CHN","3","CHN","ExampleCorp People and Groups/APAC","","TRUE",""
"TRUE","ad.example.com","ExampleCorp People and Groups","APAC","CHN","People","","","","","","ExampleCorp People and Groups/APAC/CHN/People","4","People","ExampleCorp People and Groups/APAC/CHN","","TRUE",""
"TRUE","ad.example.com","ExampleCorp People and Groups","APAC","CHN","Groups","","","","","","ExampleCorp People and Groups/APAC/CHN/Groups","4","Groups","ExampleCorp People and Groups/APAC/CHN","","TRUE",""
"TRUE","ad.example.com","ExampleCorp People and Groups","APAC","HKG","","","","","","","ExampleCorp People and Groups/APAC/HKG","3","HKG","ExampleCorp People and Groups/APAC","","TRUE",""
"TRUE","ad.example.com","ExampleCorp People and Groups","APAC","HKG","People","","","","","","ExampleCorp People and Groups/APAC/HKG/People","4","People","ExampleCorp People and Groups/APAC/HKG","","TRUE",""
"TRUE","ad.example.com","ExampleCorp People and Groups","APAC","HKG","Groups","","","","","","ExampleCorp People and Groups/APAC/HKG/Groups","4","Groups","ExampleCorp People and Groups/APAC/HKG","","TRUE",""
"TRUE","ad.example.com","ExampleCorp People and Groups","APAC","IDN","","","","","","","ExampleCorp People and Groups/APAC/IDN","3","IDN","ExampleCorp People and Groups/APAC","","TRUE",""
"TRUE","ad.example.com","ExampleCorp People and Groups","APAC","IDN","People","","","","","","ExampleCorp People and Groups/APAC/IDN/People","4","People","ExampleCorp People and Groups/APAC/IDN","","TRUE",""
"TRUE","ad.example.com","ExampleCorp People and Groups","APAC","IDN","Groups","","","","","","ExampleCorp People and Groups/APAC/IDN/Groups","4","Groups","ExampleCorp People and Groups/APAC/IDN","","TRUE",""
"TRUE","ad.example.com","ExampleCorp People and Groups","APAC","IND","","","","","","","ExampleCorp People and Groups/APAC/IND","3","IND","ExampleCorp People and Groups/APAC","","TRUE",""
"TRUE","ad.example.com","ExampleCorp People and Groups","APAC","IND","People","","","","","","ExampleCorp People and Groups/APAC/IND/People","4","People","ExampleCorp People and Groups/APAC/IND","","TRUE",""
"TRUE","ad.example.com","ExampleCorp People and Groups","APAC","IND","Groups","","","","","","ExampleCorp People and Groups/APAC/IND/Groups","4","Groups","ExampleCorp People and Groups/APAC/IND","","TRUE",""
"TRUE","ad.example.com","ExampleCorp People and Groups","APAC","JPN","","","","","","","ExampleCorp People and Groups/APAC/JPN","3","JPN","ExampleCorp People and Groups/APAC","","TRUE",""
"TRUE","ad.example.com","ExampleCorp People and Groups","APAC","JPN","People","","","","","","ExampleCorp People and Groups/APAC/JPN/People","4","People","ExampleCorp People and Groups/APAC/JPN","","TRUE",""
"TRUE","ad.example.com","ExampleCorp People and Groups","APAC","JPN","Groups","","","","","","ExampleCorp People and Groups/APAC/JPN/Groups","4","Groups","ExampleCorp People and Groups/APAC/JPN","","TRUE",""
"TRUE","ad.example.com","ExampleCorp People and Groups","APAC","KOR","","","","","","","ExampleCorp People and Groups/APAC/KOR","3","KOR","ExampleCorp People and Groups/APAC","","TRUE",""
"TRUE","ad.example.com","ExampleCorp People and Groups","APAC","KOR","People","","","","","","ExampleCorp People and Groups/APAC/KOR/People","4","People","ExampleCorp People and Groups/APAC/KOR","","TRUE",""
"TRUE","ad.example.com","ExampleCorp People and Groups","APAC","KOR","Groups","","","","","","ExampleCorp People and Groups/APAC/KOR/Groups","4","Groups","ExampleCorp People and Groups/APAC/KOR","","TRUE",""
"TRUE","ad.example.com","ExampleCorp People and Groups","APAC","MYS","","","","","","","ExampleCorp People and Groups/APAC/MYS","3","MYS","ExampleCorp People and Groups/APAC","","TRUE",""
"TRUE","ad.example.com","ExampleCorp People and Groups","APAC","MYS","People","","","","","","ExampleCorp People and Groups/APAC/MYS/People","4","People","ExampleCorp People and Groups/APAC/MYS","","TRUE",""
"TRUE","ad.example.com","ExampleCorp People and Groups","APAC","MYS","Groups","","","","","","ExampleCorp People and Groups/APAC/MYS/Groups","4","Groups","ExampleCorp People and Groups/APAC/MYS","","TRUE",""
"TRUE","ad.example.com","ExampleCorp People and Groups","APAC","NZL","","","","","","","ExampleCorp People and Groups/APAC/NZL","3","NZL","ExampleCorp People and Groups/APAC","","TRUE",""
"TRUE","ad.example.com","ExampleCorp People and Groups","APAC","NZL","People","","","","","","ExampleCorp People and Groups/APAC/NZL/People","4","People","ExampleCorp People and Groups/APAC/NZL","","TRUE",""
"TRUE","ad.example.com","ExampleCorp People and Groups","APAC","NZL","Groups","","","","","","ExampleCorp People and Groups/APAC/NZL/Groups","4","Groups","ExampleCorp People and Groups/APAC/NZL","","TRUE",""
"TRUE","ad.example.com","ExampleCorp People and Groups","APAC","PHL","","","","","","","ExampleCorp People and Groups/APAC/PHL","3","PHL","ExampleCorp People and Groups/APAC","","TRUE",""
"TRUE","ad.example.com","ExampleCorp People and Groups","APAC","PHL","People","","","","","","ExampleCorp People and Groups/APAC/PHL/People","4","People","ExampleCorp People and Groups/APAC/PHL","","TRUE",""
"TRUE","ad.example.com","ExampleCorp People and Groups","APAC","PHL","Groups","","","","","","ExampleCorp People and Groups/APAC/PHL/Groups","4","Groups","ExampleCorp People and Groups/APAC/PHL","","TRUE",""
"TRUE","ad.example.com","ExampleCorp People and Groups","APAC","SGP","","","","","","","ExampleCorp People and Groups/APAC/SGP","3","SGP","ExampleCorp People and Groups/APAC","","TRUE",""
"TRUE","ad.example.com","ExampleCorp People and Groups","APAC","SGP","People","","","","","","ExampleCorp People and Groups/APAC/SGP/People","4","People","ExampleCorp People and Groups/APAC/SGP","","TRUE",""
"TRUE","ad.example.com","ExampleCorp People and Groups","APAC","SGP","Groups","","","","","","ExampleCorp People and Groups/APAC/SGP/Groups","4","Groups","ExampleCorp People and Groups/APAC/SGP","","TRUE",""
"TRUE","ad.example.com","ExampleCorp People and Groups","APAC","THA","","","","","","","ExampleCorp People and Groups/APAC/THA","3","THA","ExampleCorp People and Groups/APAC","","TRUE",""
"TRUE","ad.example.com","ExampleCorp People and Groups","APAC","THA","People","","","","","","ExampleCorp People and Groups/APAC/THA/People","4","People","ExampleCorp People and Groups/APAC/THA","","TRUE",""
"TRUE","ad.example.com","ExampleCorp People and Groups","APAC","THA","Groups","","","","","","ExampleCorp People and Groups/APAC/THA/Groups","4","Groups","ExampleCorp People and Groups/APAC/THA","","TRUE",""
"TRUE","ad.example.com","ExampleCorp People and Groups","APAC","TWN","","","","","","","ExampleCorp People and Groups/APAC/TWN","3","TWN","ExampleCorp People and Groups/APAC","","TRUE",""
"TRUE","ad.example.com","ExampleCorp People and Groups","APAC","TWN","People","","","","","","ExampleCorp People and Groups/APAC/TWN/People","4","People","ExampleCorp People and Groups/APAC/TWN","","TRUE",""
"TRUE","ad.example.com","ExampleCorp People and Groups","APAC","TWN","Groups","","","","","","ExampleCorp People and Groups/APAC/TWN/Groups","4","Groups","ExampleCorp People and Groups/APAC/TWN","","TRUE",""
"TRUE","ad.example.com","ExampleCorp People and Groups","APAC","VNM","","","","","","","ExampleCorp People and Groups/APAC/VNM","3","VNM","ExampleCorp People and Groups/APAC","","TRUE",""
"TRUE","ad.example.com","ExampleCorp People and Groups","APAC","VNM","People","","","","","","ExampleCorp People and Groups/APAC/VNM/People","4","People","ExampleCorp People and Groups/APAC/VNM","","TRUE",""
"TRUE","ad.example.com","ExampleCorp People and Groups","APAC","VNM","Groups","","","","","","ExampleCorp People and Groups/APAC/VNM/Groups","4","Groups","ExampleCorp People and Groups/APAC/VNM","","TRUE",""
"TRUE","ad.example.com","ExampleCorp People and Groups","EMEA","","","","","","","","ExampleCorp People and Groups/EMEA","2","EMEA","ExampleCorp People and Groups","","TRUE",""
"TRUE","ad.example.com","ExampleCorp People and Groups","EMEA","AUT","","","","","","","ExampleCorp People and Groups/EMEA/AUT","3","AUT","ExampleCorp People and Groups/EMEA","","TRUE",""
"TRUE","ad.example.com","ExampleCorp People and Groups","EMEA","AUT","People","","","","","","ExampleCorp People and Groups/EMEA/AUT/People","4","People","ExampleCorp People and Groups/EMEA/AUT","","TRUE",""
"TRUE","ad.example.com","ExampleCorp People and Groups","EMEA","AUT","Groups","","","","","","ExampleCorp People and Groups/EMEA/AUT/Groups","4","Groups","ExampleCorp People and Groups/EMEA/AUT","","TRUE",""
"TRUE","ad.example.com","ExampleCorp People and Groups","EMEA","BEL","","","","","","","ExampleCorp People and Groups/EMEA/BEL","3","BEL","ExampleCorp People and Groups/EMEA","","TRUE",""
"TRUE","ad.example.com","ExampleCorp People and Groups","EMEA","BEL","People","","","","","","ExampleCorp People and Groups/EMEA/BEL/People","4","People","ExampleCorp People and Groups/EMEA/BEL","","TRUE",""
"TRUE","ad.example.com","ExampleCorp People and Groups","EMEA","BEL","Groups","","","","","","ExampleCorp People and Groups/EMEA/BEL/Groups","4","Groups","ExampleCorp People and Groups/EMEA/BEL","","TRUE",""
"TRUE","ad.example.com","ExampleCorp People and Groups","EMEA","BGR","","","","","","","ExampleCorp People and Groups/EMEA/BGR","3","BGR","ExampleCorp People and Groups/EMEA","","TRUE",""
"TRUE","ad.example.com","ExampleCorp People and Groups","EMEA","BGR","People","","","","","","ExampleCorp People and Groups/EMEA/BGR/People","4","People","ExampleCorp People and Groups/EMEA/BGR","","TRUE",""
"TRUE","ad.example.com","ExampleCorp People and Groups","EMEA","BGR","Groups","","","","","","ExampleCorp People and Groups/EMEA/BGR/Groups","4","Groups","ExampleCorp People and Groups/EMEA/BGR","","TRUE",""
"TRUE","ad.example.com","ExampleCorp People and Groups","EMEA","CHE","","","","","","","ExampleCorp People and Groups/EMEA/CHE","3","CHE","ExampleCorp People and Groups/EMEA","","TRUE",""
"TRUE","ad.example.com","ExampleCorp People and Groups","EMEA","CHE","People","","","","","","ExampleCorp People and Groups/EMEA/CHE/People","4","People","ExampleCorp People and Groups/EMEA/CHE","","TRUE",""
"TRUE","ad.example.com","ExampleCorp People and Groups","EMEA","CHE","Groups","","","","","","ExampleCorp People and Groups/EMEA/CHE/Groups","4","Groups","ExampleCorp People and Groups/EMEA/CHE","","TRUE",""
"TRUE","ad.example.com","ExampleCorp People and Groups","EMEA","CZE","","","","","","","ExampleCorp People and Groups/EMEA/CZE","3","CZE","ExampleCorp People and Groups/EMEA","","TRUE",""
"TRUE","ad.example.com","ExampleCorp People and Groups","EMEA","CZE","People","","","","","","ExampleCorp People and Groups/EMEA/CZE/People","4","People","ExampleCorp People and Groups/EMEA/CZE","","TRUE",""
"TRUE","ad.example.com","ExampleCorp People and Groups","EMEA","CZE","Groups","","","","","","ExampleCorp People and Groups/EMEA/CZE/Groups","4","Groups","ExampleCorp People and Groups/EMEA/CZE","","TRUE",""
"TRUE","ad.example.com","ExampleCorp People and Groups","EMEA","DEU","","","","","","","ExampleCorp People and Groups/EMEA/DEU","3","DEU","ExampleCorp People and Groups/EMEA","","TRUE",""
"TRUE","ad.example.com","ExampleCorp People and Groups","EMEA","DEU","People","","","","","","ExampleCorp People and Groups/EMEA/DEU/People","4","People","ExampleCorp People and Groups/EMEA/DEU","","TRUE",""
"TRUE","ad.example.com","ExampleCorp People and Groups","EMEA","DEU","Groups","","","","","","ExampleCorp People and Groups/EMEA/DEU/Groups","4","Groups","ExampleCorp People and Groups/EMEA/DEU","","TRUE",""
"TRUE","ad.example.com","ExampleCorp People and Groups","EMEA","ESP","","","","","","","ExampleCorp People and Groups/EMEA/ESP","3","ESP","ExampleCorp People and Groups/EMEA","","TRUE",""
"TRUE","ad.example.com","ExampleCorp People and Groups","EMEA","ESP","People","","","","","","ExampleCorp People and Groups/EMEA/ESP/People","4","People","ExampleCorp People and Groups/EMEA/ESP","","TRUE",""
"TRUE","ad.example.com","ExampleCorp People and Groups","EMEA","ESP","Groups","","","","","","ExampleCorp People and Groups/EMEA/ESP/Groups","4","Groups","ExampleCorp People and Groups/EMEA/ESP","","TRUE",""
"TRUE","ad.example.com","ExampleCorp People and Groups","EMEA","FIN","","","","","","","ExampleCorp People and Groups/EMEA/FIN","3","FIN","ExampleCorp People and Groups/EMEA","","TRUE",""
"TRUE","ad.example.com","ExampleCorp People and Groups","EMEA","FIN","People","","","","","","ExampleCorp People and Groups/EMEA/FIN/People","4","People","ExampleCorp People and Groups/EMEA/FIN","","TRUE",""
"TRUE","ad.example.com","ExampleCorp People and Groups","EMEA","FIN","Groups","","","","","","ExampleCorp People and Groups/EMEA/FIN/Groups","4","Groups","ExampleCorp People and Groups/EMEA/FIN","","TRUE",""
"TRUE","ad.example.com","ExampleCorp People and Groups","EMEA","FRA","","","","","","","ExampleCorp People and Groups/EMEA/FRA","3","FRA","ExampleCorp People and Groups/EMEA","","TRUE",""
"TRUE","ad.example.com","ExampleCorp People and Groups","EMEA","FRA","People","","","","","","ExampleCorp People and Groups/EMEA/FRA/People","4","People","ExampleCorp People and Groups/EMEA/FRA","","TRUE",""
"TRUE","ad.example.com","ExampleCorp People and Groups","EMEA","FRA","Groups","","","","","","ExampleCorp People and Groups/EMEA/FRA/Groups","4","Groups","ExampleCorp People and Groups/EMEA/FRA","","TRUE",""
"TRUE","ad.example.com","ExampleCorp People and Groups","EMEA","GBR","","","","","","","ExampleCorp People and Groups/EMEA/GBR","3","GBR","ExampleCorp People and Groups/EMEA","","TRUE",""
"TRUE","ad.example.com","ExampleCorp People and Groups","EMEA","GBR","People","","","","","","ExampleCorp People and Groups/EMEA/GBR/People","4","People","ExampleCorp People and Groups/EMEA/GBR","","TRUE",""
"TRUE","ad.example.com","ExampleCorp People and Groups","EMEA","GBR","Groups","","","","","","ExampleCorp People and Groups/EMEA/GBR/Groups","4","Groups","ExampleCorp People and Groups/EMEA/GBR","","TRUE",""
"TRUE","ad.example.com","ExampleCorp People and Groups","EMEA","GRC","","","","","","","ExampleCorp People and Groups/EMEA/GRC","3","GRC","ExampleCorp People and Groups/EMEA","","TRUE",""
"TRUE","ad.example.com","ExampleCorp People and Groups","EMEA","GRC","People","","","","","","ExampleCorp People and Groups/EMEA/GRC/People","4","People","ExampleCorp People and Groups/EMEA/GRC","","TRUE",""
"TRUE","ad.example.com","ExampleCorp People and Groups","EMEA","GRC","Groups","","","","","","ExampleCorp People and Groups/EMEA/GRC/Groups","4","Groups","ExampleCorp People and Groups/EMEA/GRC","","TRUE",""
"TRUE","ad.example.com","ExampleCorp People and Groups","EMEA","HUN","","","","","","","ExampleCorp People and Groups/EMEA/HUN","3","HUN","ExampleCorp People and Groups/EMEA","","TRUE",""
"TRUE","ad.example.com","ExampleCorp People and Groups","EMEA","HUN","People","","","","","","ExampleCorp People and Groups/EMEA/HUN/People","4","People","ExampleCorp People and Groups/EMEA/HUN","","TRUE",""
"TRUE","ad.example.com","ExampleCorp People and Groups","EMEA","HUN","Groups","","","","","","ExampleCorp People and Groups/EMEA/HUN/Groups","4","Groups","ExampleCorp People and Groups/EMEA/HUN","","TRUE",""
"TRUE","ad.example.com","ExampleCorp People and Groups","EMEA","IRL","","","","","","","ExampleCorp People and Groups/EMEA/IRL","3","IRL","ExampleCorp People and Groups/EMEA","","TRUE",""
"TRUE","ad.example.com","ExampleCorp People and Groups","EMEA","IRL","People","","","","","","ExampleCorp People and Groups/EMEA/IRL/People","4","People","ExampleCorp People and Groups/EMEA/IRL","","TRUE",""
"TRUE","ad.example.com","ExampleCorp People and Groups","EMEA","IRL","Groups","","","","","","ExampleCorp People and Groups/EMEA/IRL/Groups","4","Groups","ExampleCorp People and Groups/EMEA/IRL","","TRUE",""
"TRUE","ad.example.com","ExampleCorp People and Groups","EMEA","ITA","","","","","","","ExampleCorp People and Groups/EMEA/ITA","3","ITA","ExampleCorp People and Groups/EMEA","","TRUE",""
"TRUE","ad.example.com","ExampleCorp People and Groups","EMEA","ITA","People","","","","","","ExampleCorp People and Groups/EMEA/ITA/People","4","People","ExampleCorp People and Groups/EMEA/ITA","","TRUE",""
"TRUE","ad.example.com","ExampleCorp People and Groups","EMEA","ITA","Groups","","","","","","ExampleCorp People and Groups/EMEA/ITA/Groups","4","Groups","ExampleCorp People and Groups/EMEA/ITA","","TRUE",""
"TRUE","ad.example.com","ExampleCorp People and Groups","EMEA","KAZ","","","","","","","ExampleCorp People and Groups/EMEA/KAZ","3","KAZ","ExampleCorp People and Groups/EMEA","","TRUE",""
"TRUE","ad.example.com","ExampleCorp People and Groups","EMEA","KAZ","People","","","","","","ExampleCorp People and Groups/EMEA/KAZ/People","4","People","ExampleCorp People and Groups/EMEA/KAZ","","TRUE",""
"TRUE","ad.example.com","ExampleCorp People and Groups","EMEA","KAZ","Groups","","","","","","ExampleCorp People and Groups/EMEA/KAZ/Groups","4","Groups","ExampleCorp People and Groups/EMEA/KAZ","","TRUE",""
"TRUE","ad.example.com","ExampleCorp People and Groups","EMEA","MAR","","","","","","","ExampleCorp People and Groups/EMEA/MAR","3","MAR","ExampleCorp People and Groups/EMEA","","TRUE",""
"TRUE","ad.example.com","ExampleCorp People and Groups","EMEA","MAR","People","","","","","","ExampleCorp People and Groups/EMEA/MAR/People","4","People","ExampleCorp People and Groups/EMEA/MAR","","TRUE",""
"TRUE","ad.example.com","ExampleCorp People and Groups","EMEA","MAR","Groups","","","","","","ExampleCorp People and Groups/EMEA/MAR/Groups","4","Groups","ExampleCorp People and Groups/EMEA/MAR","","TRUE",""
"TRUE","ad.example.com","ExampleCorp People and Groups","EMEA","NLD","","","","","","","ExampleCorp People and Groups/EMEA/NLD","3","NLD","ExampleCorp People and Groups/EMEA","","TRUE",""
"TRUE","ad.example.com","ExampleCorp People and Groups","EMEA","NLD","People","","","","","","ExampleCorp People and Groups/EMEA/NLD/People","4","People","ExampleCorp People and Groups/EMEA/NLD","","TRUE",""
"TRUE","ad.example.com","ExampleCorp People and Groups","EMEA","NLD","Groups","","","","","","ExampleCorp People and Groups/EMEA/NLD/Groups","4","Groups","ExampleCorp People and Groups/EMEA/NLD","","TRUE",""
"TRUE","ad.example.com","ExampleCorp People and Groups","EMEA","NOR","","","","","","","ExampleCorp People and Groups/EMEA/NOR","3","NOR","ExampleCorp People and Groups/EMEA","","TRUE",""
"TRUE","ad.example.com","ExampleCorp People and Groups","EMEA","NOR","People","","","","","","ExampleCorp People and Groups/EMEA/NOR/People","4","People","ExampleCorp People and Groups/EMEA/NOR","","TRUE",""
"TRUE","ad.example.com","ExampleCorp People and Groups","EMEA","NOR","Groups","","","","","","ExampleCorp People and Groups/EMEA/NOR/Groups","4","Groups","ExampleCorp People and Groups/EMEA/NOR","","TRUE",""
"TRUE","ad.example.com","ExampleCorp People and Groups","EMEA","POL","","","","","","","ExampleCorp People and Groups/EMEA/POL","3","POL","ExampleCorp People and Groups/EMEA","","TRUE",""
"TRUE","ad.example.com","ExampleCorp People and Groups","EMEA","POL","People","","","","","","ExampleCorp People and Groups/EMEA/POL/People","4","People","ExampleCorp People and Groups/EMEA/POL","","TRUE",""
"TRUE","ad.example.com","ExampleCorp People and Groups","EMEA","POL","Groups","","","","","","ExampleCorp People and Groups/EMEA/POL/Groups","4","Groups","ExampleCorp People and Groups/EMEA/POL","","TRUE",""
"TRUE","ad.example.com","ExampleCorp People and Groups","EMEA","PRT","","","","","","","ExampleCorp People and Groups/EMEA/PRT","3","PRT","ExampleCorp People and Groups/EMEA","","TRUE",""
"TRUE","ad.example.com","ExampleCorp People and Groups","EMEA","PRT","People","","","","","","ExampleCorp People and Groups/EMEA/PRT/People","4","People","ExampleCorp People and Groups/EMEA/PRT","","TRUE",""
"TRUE","ad.example.com","ExampleCorp People and Groups","EMEA","PRT","Groups","","","","","","ExampleCorp People and Groups/EMEA/PRT/Groups","4","Groups","ExampleCorp People and Groups/EMEA/PRT","","TRUE",""
"TRUE","ad.example.com","ExampleCorp People and Groups","EMEA","ROU","","","","","","","ExampleCorp People and Groups/EMEA/ROU","3","ROU","ExampleCorp People and Groups/EMEA","","TRUE",""
"TRUE","ad.example.com","ExampleCorp People and Groups","EMEA","ROU","People","","","","","","ExampleCorp People and Groups/EMEA/ROU/People","4","People","ExampleCorp People and Groups/EMEA/ROU","","TRUE",""
"TRUE","ad.example.com","ExampleCorp People and Groups","EMEA","ROU","Groups","","","","","","ExampleCorp People and Groups/EMEA/ROU/Groups","4","Groups","ExampleCorp People and Groups/EMEA/ROU","","TRUE",""
"TRUE","ad.example.com","ExampleCorp People and Groups","EMEA","RUS","","","","","","","ExampleCorp People and Groups/EMEA/RUS","3","RUS","ExampleCorp People and Groups/EMEA","","TRUE",""
"TRUE","ad.example.com","ExampleCorp People and Groups","EMEA","RUS","People","","","","","","ExampleCorp People and Groups/EMEA/RUS/People","4","People","ExampleCorp People and Groups/EMEA/RUS","","TRUE",""
"TRUE","ad.example.com","ExampleCorp People and Groups","EMEA","RUS","Groups","","","","","","ExampleCorp People and Groups/EMEA/RUS/Groups","4","Groups","ExampleCorp People and Groups/EMEA/RUS","","TRUE",""
"TRUE","ad.example.com","ExampleCorp People and Groups","EMEA","SAU","","","","","","","ExampleCorp People and Groups/EMEA/SAU","3","SAU","ExampleCorp People and Groups/EMEA","","TRUE",""
"TRUE","ad.example.com","ExampleCorp People and Groups","EMEA","SAU","People","","","","","","ExampleCorp People and Groups/EMEA/SAU/People","4","People","ExampleCorp People and Groups/EMEA/SAU","","TRUE",""
"TRUE","ad.example.com","ExampleCorp People and Groups","EMEA","SAU","Groups","","","","","","ExampleCorp People and Groups/EMEA/SAU/Groups","4","Groups","ExampleCorp People and Groups/EMEA/SAU","","TRUE",""
"TRUE","ad.example.com","ExampleCorp People and Groups","EMEA","SRB","","","","","","","ExampleCorp People and Groups/EMEA/SRB","3","SRB","ExampleCorp People and Groups/EMEA","","TRUE",""
"TRUE","ad.example.com","ExampleCorp People and Groups","EMEA","SRB","People","","","","","","ExampleCorp People and Groups/EMEA/SRB/People","4","People","ExampleCorp People and Groups/EMEA/SRB","","TRUE",""
"TRUE","ad.example.com","ExampleCorp People and Groups","EMEA","SRB","Groups","","","","","","ExampleCorp People and Groups/EMEA/SRB/Groups","4","Groups","ExampleCorp People and Groups/EMEA/SRB","","TRUE",""
"TRUE","ad.example.com","ExampleCorp People and Groups","EMEA","SWE","","","","","","","ExampleCorp People and Groups/EMEA/SWE","3","SWE","ExampleCorp People and Groups/EMEA","","TRUE",""
"TRUE","ad.example.com","ExampleCorp People and Groups","EMEA","SWE","People","","","","","","ExampleCorp People and Groups/EMEA/SWE/People","4","People","ExampleCorp People and Groups/EMEA/SWE","","TRUE",""
"TRUE","ad.example.com","ExampleCorp People and Groups","EMEA","SWE","Groups","","","","","","ExampleCorp People and Groups/EMEA/SWE/Groups","4","Groups","ExampleCorp People and Groups/EMEA/SWE","","TRUE",""
"TRUE","ad.example.com","ExampleCorp People and Groups","EMEA","TUR","","","","","","","ExampleCorp People and Groups/EMEA/TUR","3","TUR","ExampleCorp People and Groups/EMEA","","TRUE",""
"TRUE","ad.example.com","ExampleCorp People and Groups","EMEA","TUR","People","","","","","","ExampleCorp People and Groups/EMEA/TUR/People","4","People","ExampleCorp People and Groups/EMEA/TUR","","TRUE",""
"TRUE","ad.example.com","ExampleCorp People and Groups","EMEA","TUR","Groups","","","","","","ExampleCorp People and Groups/EMEA/TUR/Groups","4","Groups","ExampleCorp People and Groups/EMEA/TUR","","TRUE",""
"TRUE","ad.example.com","ExampleCorp People and Groups","EMEA","UKR","","","","","","","ExampleCorp People and Groups/EMEA/UKR","3","UKR","ExampleCorp People and Groups/EMEA","","TRUE",""
"TRUE","ad.example.com","ExampleCorp People and Groups","EMEA","UKR","People","","","","","","ExampleCorp People and Groups/EMEA/UKR/People","4","People","ExampleCorp People and Groups/EMEA/UKR","","TRUE",""
"TRUE","ad.example.com","ExampleCorp People and Groups","EMEA","UKR","Groups","","","","","","ExampleCorp People and Groups/EMEA/UKR/Groups","4","Groups","ExampleCorp People and Groups/EMEA/UKR","","TRUE",""
"TRUE","ad.example.com","ExampleCorp People and Groups","EMEA","ZAF","","","","","","","ExampleCorp People and Groups/EMEA/ZAF","3","ZAF","ExampleCorp People and Groups/EMEA","","TRUE",""
"TRUE","ad.example.com","ExampleCorp People and Groups","EMEA","ZAF","People","","","","","","ExampleCorp People and Groups/EMEA/ZAF/People","4","People","ExampleCorp People and Groups/EMEA/ZAF","","TRUE",""
"TRUE","ad.example.com","ExampleCorp People and Groups","EMEA","ZAF","Groups","","","","","","ExampleCorp People and Groups/EMEA/ZAF/Groups","4","Groups","ExampleCorp People and Groups/EMEA/ZAF","","TRUE",""
"TRUE","ad.example.com","ExampleCorp People and Groups","LATAM","","","","","","","","ExampleCorp People and Groups/LATAM","2","LATAM","ExampleCorp People and Groups","","TRUE",""
"TRUE","ad.example.com","ExampleCorp People and Groups","LATAM","ARG","","","","","","","ExampleCorp People and Groups/LATAM/ARG","3","ARG","ExampleCorp People and Groups/LATAM","","TRUE",""
"TRUE","ad.example.com","ExampleCorp People and Groups","LATAM","ARG","People","","","","","","ExampleCorp People and Groups/LATAM/ARG/People","4","People","ExampleCorp People and Groups/LATAM/ARG","","TRUE",""
"TRUE","ad.example.com","ExampleCorp People and Groups","LATAM","ARG","Groups","","","","","","ExampleCorp People and Groups/LATAM/ARG/Groups","4","Groups","ExampleCorp People and Groups/LATAM/ARG","","TRUE",""
"TRUE","ad.example.com","ExampleCorp People and Groups","LATAM","BOL","","","","","","","ExampleCorp People and Groups/LATAM/BOL","3","BOL","ExampleCorp People and Groups/LATAM","","TRUE",""
"TRUE","ad.example.com","ExampleCorp People and Groups","LATAM","BOL","People","","","","","","ExampleCorp People and Groups/LATAM/BOL/People","4","People","ExampleCorp People and Groups/LATAM/BOL","","TRUE",""
"TRUE","ad.example.com","ExampleCorp People and Groups","LATAM","BOL","Groups","","","","","","ExampleCorp People and Groups/LATAM/BOL/Groups","4","Groups","ExampleCorp People and Groups/LATAM/BOL","","TRUE",""
"TRUE","ad.example.com","ExampleCorp People and Groups","LATAM","BRA","","","","","","","ExampleCorp People and Groups/LATAM/BRA","3","BRA","ExampleCorp People and Groups/LATAM","","TRUE",""
"TRUE","ad.example.com","ExampleCorp People and Groups","LATAM","BRA","People","","","","","","ExampleCorp People and Groups/LATAM/BRA/People","4","People","ExampleCorp People and Groups/LATAM/BRA","","TRUE",""
"TRUE","ad.example.com","ExampleCorp People and Groups","LATAM","BRA","Groups","","","","","","ExampleCorp People and Groups/LATAM/BRA/Groups","4","Groups","ExampleCorp People and Groups/LATAM/BRA","","TRUE",""
"TRUE","ad.example.com","ExampleCorp People and Groups","LATAM","CHL","","","","","","","ExampleCorp People and Groups/LATAM/CHL","3","CHL","ExampleCorp People and Groups/LATAM","","TRUE",""
"TRUE","ad.example.com","ExampleCorp People and Groups","LATAM","CHL","People","","","","","","ExampleCorp People and Groups/LATAM/CHL/People","4","People","ExampleCorp People and Groups/LATAM/CHL","","TRUE",""
"TRUE","ad.example.com","ExampleCorp People and Groups","LATAM","CHL","Groups","","","","","","ExampleCorp People and Groups/LATAM/CHL/Groups","4","Groups","ExampleCorp People and Groups/LATAM/CHL","","TRUE",""
"TRUE","ad.example.com","ExampleCorp People and Groups","LATAM","COL","","","","","","","ExampleCorp People and Groups/LATAM/COL","3","COL","ExampleCorp People and Groups/LATAM","","TRUE",""
"TRUE","ad.example.com","ExampleCorp People and Groups","LATAM","COL","People","","","","","","ExampleCorp People and Groups/LATAM/COL/People","4","People","ExampleCorp People and Groups/LATAM/COL","","TRUE",""
"TRUE","ad.example.com","ExampleCorp People and Groups","LATAM","COL","Groups","","","","","","ExampleCorp People and Groups/LATAM/COL/Groups","4","Groups","ExampleCorp People and Groups/LATAM/COL","","TRUE",""
"TRUE","ad.example.com","ExampleCorp People and Groups","LATAM","CRI","","","","","","","ExampleCorp People and Groups/LATAM/CRI","3","CRI","ExampleCorp People and Groups/LATAM","","TRUE",""
"TRUE","ad.example.com","ExampleCorp People and Groups","LATAM","CRI","People","","","","","","ExampleCorp People and Groups/LATAM/CRI/People","4","People","ExampleCorp People and Groups/LATAM/CRI","","TRUE",""
"TRUE","ad.example.com","ExampleCorp People and Groups","LATAM","CRI","Groups","","","","","","ExampleCorp People and Groups/LATAM/CRI/Groups","4","Groups","ExampleCorp People and Groups/LATAM/CRI","","TRUE",""
"TRUE","ad.example.com","ExampleCorp People and Groups","LATAM","DOM","","","","","","","ExampleCorp People and Groups/LATAM/DOM","3","DOM","ExampleCorp People and Groups/LATAM","","TRUE",""
"TRUE","ad.example.com","ExampleCorp People and Groups","LATAM","DOM","People","","","","","","ExampleCorp People and Groups/LATAM/DOM/People","4","People","ExampleCorp People and Groups/LATAM/DOM","","TRUE",""
"TRUE","ad.example.com","ExampleCorp People and Groups","LATAM","DOM","Groups","","","","","","ExampleCorp People and Groups/LATAM/DOM/Groups","4","Groups","ExampleCorp People and Groups/LATAM/DOM","","TRUE",""
"TRUE","ad.example.com","ExampleCorp People and Groups","LATAM","ECU","","","","","","","ExampleCorp People and Groups/LATAM/ECU","3","ECU","ExampleCorp People and Groups/LATAM","","TRUE",""
"TRUE","ad.example.com","ExampleCorp People and Groups","LATAM","ECU","People","","","","","","ExampleCorp People and Groups/LATAM/ECU/People","4","People","ExampleCorp People and Groups/LATAM/ECU","","TRUE",""
"TRUE","ad.example.com","ExampleCorp People and Groups","LATAM","ECU","Groups","","","","","","ExampleCorp People and Groups/LATAM/ECU/Groups","4","Groups","ExampleCorp People and Groups/LATAM/ECU","","TRUE",""
"TRUE","ad.example.com","ExampleCorp People and Groups","LATAM","GTM","","","","","","","ExampleCorp People and Groups/LATAM/GTM","3","GTM","ExampleCorp People and Groups/LATAM","","TRUE",""
"TRUE","ad.example.com","ExampleCorp People and Groups","LATAM","GTM","People","","","","","","ExampleCorp People and Groups/LATAM/GTM/People","4","People","ExampleCorp People and Groups/LATAM/GTM","","TRUE",""
"TRUE","ad.example.com","ExampleCorp People and Groups","LATAM","GTM","Groups","","","","","","ExampleCorp People and Groups/LATAM/GTM/Groups","4","Groups","ExampleCorp People and Groups/LATAM/GTM","","TRUE",""
"TRUE","ad.example.com","ExampleCorp People and Groups","LATAM","JAM","","","","","","","ExampleCorp People and Groups/LATAM/JAM","3","JAM","ExampleCorp People and Groups/LATAM","","TRUE",""
"TRUE","ad.example.com","ExampleCorp People and Groups","LATAM","JAM","People","","","","","","ExampleCorp People and Groups/LATAM/JAM/People","4","People","ExampleCorp People and Groups/LATAM/JAM","","TRUE",""
"TRUE","ad.example.com","ExampleCorp People and Groups","LATAM","JAM","Groups","","","","","","ExampleCorp People and Groups/LATAM/JAM/Groups","4","Groups","ExampleCorp People and Groups/LATAM/JAM","","TRUE",""
"TRUE","ad.example.com","ExampleCorp People and Groups","LATAM","MEX","","","","","","","ExampleCorp People and Groups/LATAM/MEX","3","MEX","ExampleCorp People and Groups/LATAM","","TRUE",""
"TRUE","ad.example.com","ExampleCorp People and Groups","LATAM","MEX","People","","","","","","ExampleCorp People and Groups/LATAM/MEX/People","4","People","ExampleCorp People and Groups/LATAM/MEX","","TRUE",""
"TRUE","ad.example.com","ExampleCorp People and Groups","LATAM","MEX","Groups","","","","","","ExampleCorp People and Groups/LATAM/MEX/Groups","4","Groups","ExampleCorp People and Groups/LATAM/MEX","","TRUE",""
"TRUE","ad.example.com","ExampleCorp People and Groups","LATAM","PAN","","","","","","","ExampleCorp People and Groups/LATAM/PAN","3","PAN","ExampleCorp People and Groups/LATAM","","TRUE",""
"TRUE","ad.example.com","ExampleCorp People and Groups","LATAM","PAN","People","","","","","","ExampleCorp People and Groups/LATAM/PAN/People","4","People","ExampleCorp People and Groups/LATAM/PAN","","TRUE",""
"TRUE","ad.example.com","ExampleCorp People and Groups","LATAM","PAN","Groups","","","","","","ExampleCorp People and Groups/LATAM/PAN/Groups","4","Groups","ExampleCorp People and Groups/LATAM/PAN","","TRUE",""
"TRUE","ad.example.com","ExampleCorp People and Groups","LATAM","PER","","","","","","","ExampleCorp People and Groups/LATAM/PER","3","PER","ExampleCorp People and Groups/LATAM","","TRUE",""
"TRUE","ad.example.com","ExampleCorp People and Groups","LATAM","PER","People","","","","","","ExampleCorp People and Groups/LATAM/PER/People","4","People","ExampleCorp People and Groups/LATAM/PER","","TRUE",""
"TRUE","ad.example.com","ExampleCorp People and Groups","LATAM","PER","Groups","","","","","","ExampleCorp People and Groups/LATAM/PER/Groups","4","Groups","ExampleCorp People and Groups/LATAM/PER","","TRUE",""
"TRUE","ad.example.com","ExampleCorp People and Groups","LATAM","PRY","","","","","","","ExampleCorp People and Groups/LATAM/PRY","3","PRY","ExampleCorp People and Groups/LATAM","","TRUE",""
"TRUE","ad.example.com","ExampleCorp People and Groups","LATAM","PRY","People","","","","","","ExampleCorp People and Groups/LATAM/PRY/People","4","People","ExampleCorp People and Groups/LATAM/PRY","","TRUE",""
"TRUE","ad.example.com","ExampleCorp People and Groups","LATAM","PRY","Groups","","","","","","ExampleCorp People and Groups/LATAM/PRY/Groups","4","Groups","ExampleCorp People and Groups/LATAM/PRY","","TRUE",""
"TRUE","ad.example.com","ExampleCorp People and Groups","LATAM","SLV","","","","","","","ExampleCorp People and Groups/LATAM/SLV","3","SLV","ExampleCorp People and Groups/LATAM","","TRUE",""
"TRUE","ad.example.com","ExampleCorp People and Groups","LATAM","SLV","People","","","","","","ExampleCorp People and Groups/LATAM/SLV/People","4","People","ExampleCorp People and Groups/LATAM/SLV","","TRUE",""
"TRUE","ad.example.com","ExampleCorp People and Groups","LATAM","SLV","Groups","","","","","","ExampleCorp People and Groups/LATAM/SLV/Groups","4","Groups","ExampleCorp People and Groups/LATAM/SLV","","TRUE",""
"TRUE","ad.example.com","ExampleCorp People and Groups","LATAM","TTO","","","","","","","ExampleCorp People and Groups/LATAM/TTO","3","TTO","ExampleCorp People and Groups/LATAM","","TRUE",""
"TRUE","ad.example.com","ExampleCorp People and Groups","LATAM","TTO","People","","","","","","ExampleCorp People and Groups/LATAM/TTO/People","4","People","ExampleCorp People and Groups/LATAM/TTO","","TRUE",""
"TRUE","ad.example.com","ExampleCorp People and Groups","LATAM","TTO","Groups","","","","","","ExampleCorp People and Groups/LATAM/TTO/Groups","4","Groups","ExampleCorp People and Groups/LATAM/TTO","","TRUE",""
"TRUE","ad.example.com","ExampleCorp People and Groups","LATAM","URY","","","","","","","ExampleCorp People and Groups/LATAM/URY","3","URY","ExampleCorp People and Groups/LATAM","","TRUE",""
"TRUE","ad.example.com","ExampleCorp People and Groups","LATAM","URY","People","","","","","","ExampleCorp People and Groups/LATAM/URY/People","4","People","ExampleCorp People and Groups/LATAM/URY","","TRUE",""
"TRUE","ad.example.com","ExampleCorp People and Groups","LATAM","URY","Groups","","","","","","ExampleCorp People and Groups/LATAM/URY/Groups","4","Groups","ExampleCorp People and Groups/LATAM/URY","","TRUE",""
"TRUE","ad.example.com","ExampleCorp People and Groups","NAM","","","","","","","","ExampleCorp People and Groups/NAM","2","NAM","ExampleCorp People and Groups","","TRUE",""
"TRUE","ad.example.com","ExampleCorp People and Groups","NAM","CAN","","","","","","","ExampleCorp People and Groups/NAM/CAN","3","CAN","ExampleCorp People and Groups/NAM","","TRUE",""
"TRUE","ad.example.com","ExampleCorp People and Groups","NAM","CAN","People","","","","","","ExampleCorp People and Groups/NAM/CAN/People","4","People","ExampleCorp People and Groups/NAM/CAN","","TRUE",""
"TRUE","ad.example.com","ExampleCorp People and Groups","NAM","CAN","Groups","","","","","","ExampleCorp People and Groups/NAM/CAN/Groups","4","Groups","ExampleCorp People and Groups/NAM/CAN","","TRUE",""
"TRUE","ad.example.com","ExampleCorp People and Groups","NAM","PRI","","","","","","","ExampleCorp People and Groups/NAM/PRI","3","PRI","ExampleCorp People and Groups/NAM","","TRUE",""
"TRUE","ad.example.com","ExampleCorp People and Groups","NAM","PRI","People","","","","","","ExampleCorp People and Groups/NAM/PRI/People","4","People","ExampleCorp People and Groups/NAM/PRI","","TRUE",""
"TRUE","ad.example.com","ExampleCorp People and Groups","NAM","PRI","Groups","","","","","","ExampleCorp People and Groups/NAM/PRI/Groups","4","Groups","ExampleCorp People and Groups/NAM/PRI","","TRUE",""
"TRUE","ad.example.com","ExampleCorp People and Groups","NAM","USA","","","","","","","ExampleCorp People and Groups/NAM/USA","3","USA","ExampleCorp People and Groups/NAM","","TRUE",""
"TRUE","ad.example.com","ExampleCorp People and Groups","NAM","USA","People","","","","","","ExampleCorp People and Groups/NAM/USA/People","4","People","ExampleCorp People and Groups/NAM/USA","","TRUE",""
"TRUE","ad.example.com","ExampleCorp People and Groups","NAM","USA","Groups","","","","","","ExampleCorp People and Groups/NAM/USA/Groups","4","Groups","ExampleCorp People and Groups/NAM/USA","","TRUE",""
"TRUE","ad.example.com","ExampleCorp Services and Servers","","","","","","","","","ExampleCorp Services and Servers","1","ExampleCorp Services and Servers","","","TRUE",""
"TRUE","ad.example.com","ExampleCorp Services and Servers","Global Service Accounts","","","","","","","","ExampleCorp Services and Servers/Global Service Accounts","2","Global Service Accounts","ExampleCorp Services and Servers","","TRUE",""
"TRUE","ad.example.com","ExampleCorp Services and Servers","Global Service Accounts Non Syncing","","","","","","","","ExampleCorp Services and Servers/Global Service Accounts Non Syncing","2","Global Service Accounts Non Syncing","ExampleCorp Services and Servers","","TRUE",""
"TRUE","ad.example.com","New Computer Staging","","","","","","","","","New Computer Staging","1","New Computer Staging","","","TRUE",""
"TRUE","ad.example.com","Landing Zone (Non Syncing)","","","","","","","","","Landing Zone (Non Syncing)","1","Landing Zone (Non Syncing)","","","TRUE",""
"TRUE","ad.example.com","Landing Zone (Non Syncing)","Business Unit A","","","","","","","","Landing Zone (Non Syncing)/Business Unit A","2","Business Unit A","Landing Zone (Non Syncing)","","TRUE",""
"TRUE","ad.example.com","Landing Zone (Non Syncing)","Business Unit A","Users","","","","","","","Landing Zone (Non Syncing)/Business Unit A/Users","3","Users","Landing Zone (Non Syncing)/Business Unit A","","TRUE",""
"TRUE","ad.example.com","Landing Zone (Non Syncing)","Business Unit A","Groups","","","","","","","Landing Zone (Non Syncing)/Business Unit A/Groups","3","Groups","Landing Zone (Non Syncing)/Business Unit A","","TRUE",""
"TRUE","ad.example.com","Landing Zone (Non Syncing)","Business Unit A","Computers","","","","","","","Landing Zone (Non Syncing)/Business Unit A/Computers","3","Computers","Landing Zone (Non Syncing)/Business Unit A","","TRUE",""
"TRUE","ad.example.com","Landing Zone (Non Syncing)","Business Unit A","Contacts","","","","","","","Landing Zone (Non Syncing)/Business Unit A/Contacts","3","Contacts","Landing Zone (Non Syncing)/Business Unit A","","TRUE",""
"TRUE","ad.example.com","Landing Zone (Non Syncing)","Business Unit B","","","","","","","","Landing Zone (Non Syncing)/Business Unit B","2","Business Unit B","Landing Zone (Non Syncing)","","TRUE",""
"TRUE","ad.example.com","Landing Zone (Non Syncing)","Business Unit B","Users","","","","","","","Landing Zone (Non Syncing)/Business Unit B/Users","3","Users","Landing Zone (Non Syncing)/Business Unit B","","TRUE",""
"TRUE","ad.example.com","Landing Zone (Non Syncing)","Business Unit B","Groups","","","","","","","Landing Zone (Non Syncing)/Business Unit B/Groups","3","Groups","Landing Zone (Non Syncing)/Business Unit B","","TRUE",""
"TRUE","ad.example.com","Landing Zone (Non Syncing)","Business Unit B","Computers","","","","","","","Landing Zone (Non Syncing)/Business Unit B/Computers","3","Computers","Landing Zone (Non Syncing)/Business Unit B","","TRUE",""
"TRUE","ad.example.com","Landing Zone (Non Syncing)","Business Unit B","Contacts","","","","","","","Landing Zone (Non Syncing)/Business Unit B/Contacts","3","Contacts","Landing Zone (Non Syncing)/Business Unit B","","TRUE",""
"TRUE","ad.example.com","Landing Zone (Non Syncing)","Business Unit C","","","","","","","","Landing Zone (Non Syncing)/Business Unit C","2","Business Unit C","Landing Zone (Non Syncing)","","TRUE",""
"TRUE","ad.example.com","Landing Zone (Non Syncing)","Business Unit C","Users","","","","","","","Landing Zone (Non Syncing)/Business Unit C/Users","3","Users","Landing Zone (Non Syncing)/Business Unit C","","TRUE",""
"TRUE","ad.example.com","Landing Zone (Non Syncing)","Business Unit C","Groups","","","","","","","Landing Zone (Non Syncing)/Business Unit C/Groups","3","Groups","Landing Zone (Non Syncing)/Business Unit C","","TRUE",""
"TRUE","ad.example.com","Landing Zone (Non Syncing)","Business Unit C","Computers","","","","","","","Landing Zone (Non Syncing)/Business Unit C/Computers","3","Computers","Landing Zone (Non Syncing)/Business Unit C","","TRUE",""
"TRUE","ad.example.com","Landing Zone (Non Syncing)","Business Unit C","Contacts","","","","","","","Landing Zone (Non Syncing)/Business Unit C/Contacts","3","Contacts","Landing Zone (Non Syncing)/Business Unit C","","TRUE",""
"TRUE","ad.example.com","Landing Zone (Non Syncing)","Business Unit D","","","","","","","","Landing Zone (Non Syncing)/Business Unit D","2","Business Unit D","Landing Zone (Non Syncing)","","TRUE",""
"TRUE","ad.example.com","Landing Zone (Non Syncing)","Business Unit D","Users","","","","","","","Landing Zone (Non Syncing)/Business Unit D/Users","3","Users","Landing Zone (Non Syncing)/Business Unit D","","TRUE",""
"TRUE","ad.example.com","Landing Zone (Non Syncing)","Business Unit D","Groups","","","","","","","Landing Zone (Non Syncing)/Business Unit D/Groups","3","Groups","Landing Zone (Non Syncing)/Business Unit D","","TRUE",""
"TRUE","ad.example.com","Landing Zone (Non Syncing)","Business Unit D","Computers","","","","","","","Landing Zone (Non Syncing)/Business Unit D/Computers","3","Computers","Landing Zone (Non Syncing)/Business Unit D","","TRUE",""
"TRUE","ad.example.com","Landing Zone (Non Syncing)","Business Unit D","Contacts","","","","","","","Landing Zone (Non Syncing)/Business Unit D/Contacts","3","Contacts","Landing Zone (Non Syncing)/Business Unit D","","TRUE",""
"TRUE","ad.example.com","Landing Zone (Non Syncing)","Business Unit E","","","","","","","","Landing Zone (Non Syncing)/Business Unit E","2","Business Unit E","Landing Zone (Non Syncing)","","TRUE",""
"TRUE","ad.example.com","Landing Zone (Non Syncing)","Business Unit E","Users","","","","","","","Landing Zone (Non Syncing)/Business Unit E/Users","3","Users","Landing Zone (Non Syncing)/Business Unit E","","TRUE",""
"TRUE","ad.example.com","Landing Zone (Non Syncing)","Business Unit E","Groups","","","","","","","Landing Zone (Non Syncing)/Business Unit E/Groups","3","Groups","Landing Zone (Non Syncing)/Business Unit E","","TRUE",""
"TRUE","ad.example.com","Landing Zone (Non Syncing)","Business Unit E","Computers","","","","","","","Landing Zone (Non Syncing)/Business Unit E/Computers","3","Computers","Landing Zone (Non Syncing)/Business Unit E","","TRUE",""
"TRUE","ad.example.com","Landing Zone (Non Syncing)","Business Unit E","Contacts","","","","","","","Landing Zone (Non Syncing)/Business Unit E/Contacts","3","Contacts","Landing Zone (Non Syncing)/Business Unit E","","TRUE",""
